{
  "version": "6.0",
  "nxVersion": "19.4.4",
  "deps": {
    "@emotion/react": "11.11.1",
    "@emotion/styled": "11.11.0",
    "@mikro-orm/core": "^6.3.13",
    "@mikro-orm/knex": "^6.3.13",
    "@mikro-orm/mysql": "^6.3.13",
    "@mikro-orm/nestjs": "^6.0.2",
    "@mikro-orm/sqlite": "^6.3.13",
    "@nestjs/common": "^10.0.2",
    "@nestjs/core": "^10.0.2",
    "@nestjs/platform-express": "^10.0.2",
    "axios": "^1.7.7",
    "lodash": "^4.17.21",
    "moment": "^2.30.1",
    "react": "18.3.1",
    "react-big-calendar": "^1.15.0",
    "react-dom": "18.3.1",
    "react-hot-toast": "^2.5.2",
    "react-router-dom": "6.11.2",
    "reflect-metadata": "^0.1.13",
    "rxjs": "^7.8.0",
    "@emotion/babel-plugin": "11.11.0",
    "@eslint/js": "^9.12.0",
    "@mikro-orm/cli": "^6.3.13",
    "@nestjs/schematics": "^10.0.1",
    "@nestjs/testing": "^10.0.2",
    "@nx/cypress": "19.4.4",
    "@nx/eslint": "19.4.4",
    "@nx/eslint-plugin": "19.8.4",
    "@nx/jest": "19.4.4",
    "@nx/js": "19.4.4",
    "@nx/nest": "^19.4.4",
    "@nx/node": "19.4.4",
    "@nx/react": "^19.4.4",
    "@nx/vite": "19.8.4",
    "@nx/web": "19.4.4",
    "@nx/webpack": "19.4.4",
    "@nx/workspace": "19.4.4",
    "@swc-node/register": "~1.9.1",
    "@swc/core": "~1.5.7",
    "@swc/helpers": "~0.5.11",
    "@testing-library/jest-dom": "^6.5.0",
    "@testing-library/react": "15.0.6",
    "@testing-library/user-event": "^13.5.0",
    "@types/jest": "^29.5.12",
    "@types/lodash": "^4.17.10",
    "@types/node": "~18.16.9",
    "@types/react": "18.3.1",
    "@types/react-big-calendar": "^1.8.12",
    "@types/react-dom": "18.3.0",
    "@vitejs/plugin-react": "^4.2.0",
    "@vitest/ui": "^1.3.1",
    "babel-jest": "^29.7.0",
    "cypress": "^13.13.0",
    "eslint": "^9.8.0",
    "eslint-config-prettier": "^9.0.0",
    "eslint-plugin-cypress": "^3.5.0",
    "eslint-plugin-import": "^2.31.0",
    "eslint-plugin-jsx-a11y": "^6.10.0",
    "eslint-plugin-prettier": "^5.2.1",
    "eslint-plugin-react": "7.35.0",
    "eslint-plugin-react-hooks": "^5.0.0",
    "jest": "^29.7.0",
    "jest-environment-jsdom": "^29.7.0",
    "jest-environment-node": "^29.7.0",
    "jsdom": "~22.1.0",
    "nx": "19.4.4",
    "prettier": "^3.3.3",
    "ts-jest": "^29.1.0",
    "ts-node": "10.9.1",
    "tslib": "^2.3.0",
    "typescript": "~5.5.2",
    "typescript-eslint": "^8.8.0",
    "vite": "^5.0.0",
    "vitest": "^1.3.1",
    "webpack-cli": "^5.1.4"
  },
  "pathMappings": {
    "@fs-tech-test/calendar-domain": [
      "calendar-domain/src/index.ts"
    ]
  },
  "nxJsonPlugins": [
    {
      "name": "@nx/webpack/plugin",
      "options": {
        "buildTargetName": "build",
        "serveTargetName": "serve",
        "previewTargetName": "preview"
      }
    },
    {
      "name": "@nx/eslint/plugin",
      "options": {
        "targetName": "lint"
      }
    },
    {
      "name": "@nx/jest/plugin",
      "options": {
        "targetName": "test"
      }
    },
    {
      "name": "@nx/vite/plugin",
      "options": {
        "buildTargetName": "build",
        "testTargetName": "test",
        "serveTargetName": "serve",
        "previewTargetName": "preview",
        "serveStaticTargetName": "serve-static",
        "typecheckTargetName": "typecheck"
      }
    },
    {
      "name": "@nx/cypress/plugin",
      "options": {
        "targetName": "e2e",
        "openTargetName": "open-cypress",
        "componentTestingTargetName": "component-test",
        "ciTargetName": "e2e-ci"
      }
    }
  ],
  "fileMap": {
    "projectFileMap": {
      "calendar-frontend-e2e": [
        {
          "file": "calendar-frontend-e2e/cypress.config.ts",
          "hash": "9303136301769521792",
          "deps": [
            "npm:@nx/cypress",
            "npm:cypress"
          ]
        },
        {
          "file": "calendar-frontend-e2e/eslint.config.js",
          "hash": "8009840994794478367",
          "deps": [
            "npm:eslint-plugin-cypress"
          ]
        },
        {
          "file": "calendar-frontend-e2e/project.json",
          "hash": "9641006460510129637"
        },
        {
          "file": "calendar-frontend-e2e/src/e2e/calendar.cy.ts",
          "hash": "17946647077107301825"
        },
        {
          "file": "calendar-frontend-e2e/src/fixtures/example.json",
          "hash": "11785586596216172004"
        },
        {
          "file": "calendar-frontend-e2e/src/support/calendar.po.ts",
          "hash": "2067452034652771760"
        },
        {
          "file": "calendar-frontend-e2e/src/support/commands.ts",
          "hash": "11176124918395698326"
        },
        {
          "file": "calendar-frontend-e2e/src/support/e2e.ts",
          "hash": "1054106023200826784"
        },
        {
          "file": "calendar-frontend-e2e/tsconfig.json",
          "hash": "4966899981699294432"
        }
      ],
      "calendar-backend-e2e": [
        {
          "file": "calendar-backend-e2e/eslint.config.js",
          "hash": "17012108287991280227"
        },
        {
          "file": "calendar-backend-e2e/jest.config.ts",
          "hash": "18422455188331042096"
        },
        {
          "file": "calendar-backend-e2e/project.json",
          "hash": "9519699207859683012"
        },
        {
          "file": "calendar-backend-e2e/src/calendar-backend/calendar-backend.spec.ts",
          "hash": "4944338574594420733",
          "deps": [
            "npm:axios"
          ]
        },
        {
          "file": "calendar-backend-e2e/src/support/global-setup.ts",
          "hash": "2568409276037275290"
        },
        {
          "file": "calendar-backend-e2e/src/support/global-teardown.ts",
          "hash": "3061558677699230581"
        },
        {
          "file": "calendar-backend-e2e/src/support/test-setup.ts",
          "hash": "9367598024135090198",
          "deps": [
            "npm:axios"
          ]
        },
        {
          "file": "calendar-backend-e2e/tsconfig.json",
          "hash": "2346920493880922870"
        },
        {
          "file": "calendar-backend-e2e/tsconfig.spec.json",
          "hash": "14226830188665428950"
        }
      ],
      "calendar-backend": [
        {
          "file": "calendar-backend/eslint.config.js",
          "hash": "17012108287991280227"
        },
        {
          "file": "calendar-backend/jest.config.ts",
          "hash": "16000597864018657507"
        },
        {
          "file": "calendar-backend/project.json",
          "hash": "4559587592097405282"
        },
        {
          "file": "calendar-backend/src/app/app.module.ts",
          "hash": "17000912883807984156",
          "deps": [
            "npm:@nestjs/common",
            "calendar-domain"
          ]
        },
        {
          "file": "calendar-backend/src/app/calendar.controller.spec.ts",
          "hash": "14338579311607855045",
          "deps": [
            "npm:@nestjs/testing"
          ]
        },
        {
          "file": "calendar-backend/src/app/calendar.controller.ts",
          "hash": "3660965415869372698",
          "deps": [
            "npm:@nestjs/common"
          ]
        },
        {
          "file": "calendar-backend/src/app/calendar.service.spec.ts",
          "hash": "7423127885301072245",
          "deps": [
            "calendar-domain"
          ]
        },
        {
          "file": "calendar-backend/src/app/calendar.service.ts",
          "hash": "5969114056940345556",
          "deps": [
            "npm:@nestjs/common",
            "calendar-domain"
          ]
        },
        {
          "file": "calendar-backend/src/app/types.d.ts",
          "hash": "16725348000746548360"
        },
        {
          "file": "calendar-backend/src/assets/.gitkeep",
          "hash": "3244421341483603138"
        },
        {
          "file": "calendar-backend/src/main.ts",
          "hash": "17756392006858302410",
          "deps": [
            "npm:@nestjs/common",
            "npm:@nestjs/core"
          ]
        },
        {
          "file": "calendar-backend/src/mocks/events.mock.ts",
          "hash": "17117166685827362281",
          "deps": [
            "calendar-domain"
          ]
        },
        {
          "file": "calendar-backend/tsconfig.app.json",
          "hash": "12134917424893484864"
        },
        {
          "file": "calendar-backend/tsconfig.json",
          "hash": "9420862676426701392"
        },
        {
          "file": "calendar-backend/tsconfig.spec.json",
          "hash": "17313551537729802733"
        },
        {
          "file": "calendar-backend/webpack.config.js",
          "hash": "3600159168387296232",
          "deps": [
            "npm:@nx/webpack"
          ]
        }
      ],
      "calendar-frontend": [
        {
          "file": "calendar-frontend/eslint.config.js",
          "hash": "6898695751728726704",
          "deps": [
            "npm:@nx/eslint-plugin"
          ]
        },
        {
          "file": "calendar-frontend/index.html",
          "hash": "11999459327833477711"
        },
        {
          "file": "calendar-frontend/jest.config.ts",
          "hash": "6751351963474328817"
        },
        {
          "file": "calendar-frontend/project.json",
          "hash": "11423296541251988166"
        },
        {
          "file": "calendar-frontend/src/app/app.tsx",
          "hash": "12621876016713517992",
          "deps": [
            "npm:@emotion/styled",
            "npm:react-router-dom"
          ]
        },
        {
          "file": "calendar-frontend/src/app/common/types.d.ts",
          "hash": "5545417252726670921",
          "deps": [
            "npm:react-big-calendar"
          ]
        },
        {
          "file": "calendar-frontend/src/app/pages/calendar/calendar.page.tsx",
          "hash": "17254926711880700145",
          "deps": [
            "npm:react-hot-toast"
          ]
        },
        {
          "file": "calendar-frontend/src/app/pages/calendar/calendar.utils.ts",
          "hash": "16620598968644789418",
          "deps": [
            "npm:react-big-calendar"
          ]
        },
        {
          "file": "calendar-frontend/src/app/pages/calendar/components/calendar-toolbar/__snapshots__/calendar-toolbar.spec.tsx.snap",
          "hash": "11396553048511130728"
        },
        {
          "file": "calendar-frontend/src/app/pages/calendar/components/calendar-toolbar/calendar-toolbar.spec.tsx",
          "hash": "12267253401281284377",
          "deps": [
            "npm:@testing-library/react",
            "npm:react",
            "npm:@testing-library/jest-dom",
            "npm:@testing-library/user-event"
          ]
        },
        {
          "file": "calendar-frontend/src/app/pages/calendar/components/calendar-toolbar/calendar-toolbar.tsx",
          "hash": "6079863831106181194",
          "deps": [
            "npm:react"
          ]
        },
        {
          "file": "calendar-frontend/src/app/pages/calendar/components/calendar-toolbar/styles/calendar-toolbar-style.ts",
          "hash": "9393377945990492238",
          "deps": [
            "npm:@emotion/react"
          ]
        },
        {
          "file": "calendar-frontend/src/app/pages/calendar/components/calendar-view/__snapshots__/calendar-view.spec.tsx.snap",
          "hash": "7019366456430226877"
        },
        {
          "file": "calendar-frontend/src/app/pages/calendar/components/calendar-view/calendar-view.spec.tsx",
          "hash": "7674626081493263463",
          "deps": [
            "npm:@testing-library/react",
            "npm:react-big-calendar",
            "npm:@testing-library/jest-dom"
          ]
        },
        {
          "file": "calendar-frontend/src/app/pages/calendar/components/calendar-view/calendar-view.tsx",
          "hash": "17344870593759705761",
          "deps": [
            "npm:react-big-calendar",
            "npm:moment",
            "npm:axios",
            "npm:react-hot-toast"
          ]
        },
        {
          "file": "calendar-frontend/src/app/pages/calendar/components/calendar-view/formats.ts",
          "hash": "1043445042683787942",
          "deps": [
            "npm:react-big-calendar"
          ]
        },
        {
          "file": "calendar-frontend/src/app/pages/calendar/components/calendar-view/styles/calendar.scss",
          "hash": "18298877001986900811"
        },
        {
          "file": "calendar-frontend/src/app/pages/calendar/components/event-modal/event-modal.tsx",
          "hash": "7889910117620790076",
          "deps": [
            "npm:react",
            "npm:moment",
            "npm:axios"
          ]
        },
        {
          "file": "calendar-frontend/src/app/pages/calendar/components/event-modal/styles/event-modal.scss",
          "hash": "10768059027090284364"
        },
        {
          "file": "calendar-frontend/src/app/pages/calendar/hooks/use-calendar-toolbar.tsx",
          "hash": "8639521925833055029",
          "deps": [
            "npm:moment",
            "npm:lodash"
          ]
        },
        {
          "file": "calendar-frontend/src/app/pages/calendar/hooks/use-calendar-view.tsx",
          "hash": "17736714198665937234",
          "deps": [
            "npm:react"
          ]
        },
        {
          "file": "calendar-frontend/src/app/pages/calendar/hooks/use-calendar.ts",
          "hash": "4160604655085610013",
          "deps": [
            "npm:react",
            "npm:moment",
            "npm:react-big-calendar"
          ]
        },
        {
          "file": "calendar-frontend/src/app/service/api.service.ts",
          "hash": "6318062363394405272",
          "deps": [
            "npm:axios"
          ]
        },
        {
          "file": "calendar-frontend/src/app/service/calendar.service.ts",
          "hash": "1001273215874112883",
          "deps": [
            "npm:axios",
            "npm:moment"
          ]
        },
        {
          "file": "calendar-frontend/src/app/service/types.d.ts",
          "hash": "17058153321054378386"
        },
        {
          "file": "calendar-frontend/src/assets/.gitkeep",
          "hash": "3244421341483603138"
        },
        {
          "file": "calendar-frontend/src/main.tsx",
          "hash": "3895108592440319054",
          "deps": [
            "npm:react-dom",
            "npm:react-router-dom"
          ]
        },
        {
          "file": "calendar-frontend/tsconfig.app.json",
          "hash": "17534131638295275382"
        },
        {
          "file": "calendar-frontend/tsconfig.json",
          "hash": "3047391581821643462"
        },
        {
          "file": "calendar-frontend/tsconfig.spec.json",
          "hash": "2878958849249009728"
        },
        {
          "file": "calendar-frontend/vite.config.ts",
          "hash": "3667228530870274935",
          "deps": [
            "npm:vite",
            "npm:@vitejs/plugin-react",
            "npm:@nx/vite"
          ]
        }
      ],
      "calendar-domain": [
        {
          "file": "calendar-domain/.env.local",
          "hash": "6008470112568250192"
        },
        {
          "file": "calendar-domain/README.md",
          "hash": "9211966290296827254"
        },
        {
          "file": "calendar-domain/eslint.config.js",
          "hash": "15999338164602079747"
        },
        {
          "file": "calendar-domain/jest.config.ts",
          "hash": "85429879145212575"
        },
        {
          "file": "calendar-domain/mikro-orm.config.ts",
          "hash": "15262350918557576011",
          "deps": [
            "npm:@mikro-orm/mysql"
          ]
        },
        {
          "file": "calendar-domain/package.json",
          "hash": "11370914835955762158",
          "deps": [
            "npm:@mikro-orm/cli"
          ]
        },
        {
          "file": "calendar-domain/project.json",
          "hash": "2660378712721382855"
        },
        {
          "file": "calendar-domain/src/index.ts",
          "hash": "8154862814752526922"
        },
        {
          "file": "calendar-domain/src/lib/calendar-domain.module.ts",
          "hash": "18280387982566716162",
          "deps": [
            "npm:@nestjs/common",
            "npm:@mikro-orm/nestjs",
            "npm:@mikro-orm/mysql",
            "npm:@mikro-orm/core"
          ]
        },
        {
          "file": "calendar-domain/src/lib/entities.ts",
          "hash": "1840317534272135237"
        },
        {
          "file": "calendar-domain/src/lib/entity/base.entity.ts",
          "hash": "3193930178835588445",
          "deps": [
            "npm:@mikro-orm/core"
          ]
        },
        {
          "file": "calendar-domain/src/lib/entity/calendar-event.entity.ts",
          "hash": "13112952400165364128",
          "deps": [
            "npm:@mikro-orm/core"
          ]
        },
        {
          "file": "calendar-domain/src/lib/repository/calendar-event.repository.spec.ts",
          "hash": "18229555330592166028",
          "deps": [
            "npm:@mikro-orm/core",
            "npm:@mikro-orm/mysql",
            "npm:@mikro-orm/sqlite"
          ]
        },
        {
          "file": "calendar-domain/src/lib/repository/calendar-event.repository.ts",
          "hash": "9829764286672666812",
          "deps": [
            "npm:@mikro-orm/mysql",
            "npm:@nestjs/common"
          ]
        },
        {
          "file": "calendar-domain/tsconfig.json",
          "hash": "10304993020986584308"
        },
        {
          "file": "calendar-domain/tsconfig.lib.json",
          "hash": "941310147601136693"
        },
        {
          "file": "calendar-domain/tsconfig.mikro.json",
          "hash": "5713709749402904033"
        },
        {
          "file": "calendar-domain/tsconfig.spec.json",
          "hash": "17313551537729802733"
        }
      ]
    },
    "nonProjectFiles": [
      {
        "file": ".editorconfig",
        "hash": "5443105041930014821"
      },
      {
        "file": ".gitignore",
        "hash": "4424028521991488842"
      },
      {
        "file": ".prettierignore",
        "hash": "14688272390704683536"
      },
      {
        "file": ".prettierrc",
        "hash": "16267754514737964994"
      },
      {
        "file": ".vscode/extensions.json",
        "hash": "4934098906304722861"
      },
      {
        "file": "Dockerfile",
        "hash": "7069246803169774482"
      },
      {
        "file": "README.md",
        "hash": "14412179325598663474"
      },
      {
        "file": "bitbucket-pipelines.yml",
        "hash": "14710355682561925503"
      },
      {
        "file": "docker-compose.yml",
        "hash": "3673282609078083501"
      },
      {
        "file": "eslint.config.js",
        "hash": "2223460448641456240"
      },
      {
        "file": "jest.config.ts",
        "hash": "3494843969422251966"
      },
      {
        "file": "jest.preset.js",
        "hash": "9430166341120122740"
      },
      {
        "file": "nx.json",
        "hash": "17275225922677458946"
      },
      {
        "file": "package-lock.json",
        "hash": "17043925604531631033"
      },
      {
        "file": "package.json",
        "hash": "6276978495785779089"
      },
      {
        "file": "tsconfig.base.json",
        "hash": "18306295941235600556"
      }
    ]
  }
}