{
  "$schema": "./node_modules/nx/schemas/nx-schema.json",
  "namedInputs": {
    "default": [
      "{projectRoot}/**/*",
      "sharedGlobals"
    ],
    "production": [
      "default",
      "!{projectRoot}/.eslintrc.json",
      "!{projectRoot}/eslint.config.js",
      "!{projectRoot}/**/?(*.)+(spec|test).[jt]s?(x)?(.snap)",
      "!{projectRoot}/tsconfig.spec.json",
      "!{projectRoot}/jest.config.[jt]s",
      "!{projectRoot}/src/test-setup.[jt]s",
      "!{projectRoot}/test-setup.[jt]s",
      "!{projectRoot}/cypress/**/*",
      "!{projectRoot}/**/*.cy.[jt]s?(x)",
      "!{projectRoot}/cypress.config.[jt]s"
    ],
    "sharedGlobals": [
      "{workspaceRoot}/bitbucket-pipelines.yml"
    ]
  },
  "nxCloudId": "6702d2a07285ae532d35083a",
  "defaultBase": "origin/main",
  "plugins": [
    {
      "plugin": "@nx/webpack/plugin",
      "options": {
        "buildTargetName": "build",
        "serveTargetName": "serve",
        "previewTargetName": "preview"
      }
    },
    {
      "plugin": "@nx/eslint/plugin",
      "options": {
        "targetName": "lint"
      }
    },
    {
      "plugin": "@nx/jest/plugin",
      "options": {
        "targetName": "test"
      },
      "exclude": [
        "calendar-backend-e2e/**/*"
      ]
    },
    {
      "plugin": "@nx/vite/plugin",
      "options": {
        "buildTargetName": "build",
        "testTargetName": "test",
        "serveTargetName": "serve",
        "previewTargetName": "preview",
        "serveStaticTargetName": "serve-static",
        "typecheckTargetName": "typecheck"
      }
    },
    {
      "plugin": "@nx/cypress/plugin",
      "options": {
        "targetName": "e2e",
        "openTargetName": "open-cypress",
        "componentTestingTargetName": "component-test",
        "ciTargetName": "e2e-ci"
      }
    }
  ],
  "targetDefaults": {
    "e2e-ci--**/*": {
      "dependsOn": [
        "^build"
      ]
    }
  },
  "generators": {
    "@nx/react": {
      "application": {
        "babel": true,
        "style": "@emotion/styled",
        "linter": "eslint",
        "bundler": "vite"
      },
      "component": {
        "style": "@emotion/styled"
      },
      "library": {
        "style": "@emotion/styled",
        "linter": "eslint"
      }
    }
  }
}
